id,group,name,treatment,depends,evidence,next_gate,ownership,parallel
F01,Foundations,Instruction semantics and calling conventions,Translate engine instructions; implement explicit ABI and memory model,,Automatic projection/callback/frustum/lookup/CRC slices; scalar-SSE repairs,"Opcode census and conformance fixtures for remaining SIMD, atomics, flags, stack layouts and indirect transfers","Register/FP state, stack, pointer provenance, native/generated transitions",Thread-local execution state and FP environment; no shared simulated CPU
F02,Foundations,"Startup, initialization and shutdown",Recover engine lifecycle; provide a deliberate launcher/platform entry boundary,F01; F03; F04; X01,Entry point lies in .bind; static .text analysis does not prove startup,"Inventory ordered initializers, config, singleton creation, dependency failure and teardown; boot an owned minimal lifecycle","Process globals, initialization order, shutdown dependencies and callbacks",Keep ordered bootstrap/teardown until independent tasks and completion dependencies are proven
F03,Foundations,"CRT, exceptions, RTTI and TLS",Translate embedded runtime behavior or use declared matching native runtime bridges,F01,One cleanup-only MSVC scope and real loader TLS/CRT synchronization pass,"Nested destruction, catches/rethrows, stack guards, alternate funclets, thread creation/destruction and runtime ABI",Per-thread epochs and runtime state; cleanup of partially built objects,"Each worker needs valid TLS, FP/runtime state and exception propagation/cleanup policy"
F04,Foundations,"Allocation, pools and object lifetime",Translate allocators and lifetime rules before redesign,F01; F03,MemoryManager labels exist; no allocator or lifetime workflow validated,Allocate/construct/use/destroy/free; aligned allocations; reuse; allocation-failure cleanup and cross-thread release,"Pool ownership, free lists, arena epochs, reference counts and destruction affinity",Document which allocator/object can move between workers and when reclamation is safe
F05,Foundations,"Containers, strings, hashing and math",Translate helpers; retain or replace CRT imports with explicit semantics,F01; F04,"CRC helpers, string-lookup bridge and selected camera/actor-value math pass","Container growth/erase/iteration, interning, locale/Unicode, sorting and numerical edge cases","Backing storage, intern tables, iterator validity and cached values",Read-only snapshots or explicit exclusive ownership for mutable collections
F06,Foundations,"Jobs, synchronization, time and random state",Translate existing scheduling behavior; redesign only behind separately verified contracts,F03; F04; F07,One six-thread/five-waiter static initialization protocol passes; no general scheduler proof,"Identify existing workers, queues, locks, completion events, frame clocks, random streams, cancellation and shutdown","Queue ownership, lock order, event delivery order, frame epochs and random-state mutations",Explicit dependencies and deterministic publication; measure contention rather than assuming the engine is wholly serial
F07,Foundations,"Object model, handles, factories and virtual dispatch",Translate layouts and dispatch contracts; retain compatible native boundaries where required,F01; F03; F04,One virtual callback/receiver boundary passes; RTTI byte matches provide class hypotheses,"One real object graph with factories, handles, refcounts, vtables, callbacks and destruction","Stable identity, handle generation, graph ownership and callback reentrancy",Resolve raw-pointer escape and shared mutable object graphs before moving work
C01,Content,"Files, archives and resource streams",Translate resource/VFS behavior; bridge OS I/O; preserve existing archive content,F04; F05; F06; X01,BSResource SDK surface and installed BSA packages observed; no loader proof,"Loose/archive override resolution, stream seek/read, decompression, malformed input, async completion and cancellation","File handles, stream position, resource cache entries and request lifetime",Read/decompress independent resources in workers; publish only fully constructed resources
C02,Content,"Plugin records, FormIDs and load order","Translate record loaders, link/fixup and override semantics; preserve ESM/ESP/ESL data",C01; F05; F07,Installed master/light-plugin files and TESDataHandler SDK surface; not validated,"Master dependencies, light IDs, overrides, localized strings, references, malformed records and duplicate definitions","Form registry, ID allocation, fixup tables and final override selection",Parse independent records separately; deterministic linking and publication must preserve load-order semantics
C03,Content,Asset decoding and caches,Translate readers/decoders and object construction; preserve or deliberately convert content formats,C01; F04; F07,SDK asset/resource classes; format inventory is incomplete,Inventory NIF/mesh/texture/animation/material/font/audio/UI/shader inputs; decode one asset family through construction and release,"Decoded buffers, shared asset caches, deduplication and eviction",Independent decode is a candidate; cache registration and GPU/scene attachment require owned handoff
W01,World,"Cells, references, streaming and LOD",Translate world lifecycle and streaming state machines,C02; C03; F06; F07; P01,TES/cell/streaming SDK names provide hypotheses; no real world workflow,Load/link/attach a cell; stream neighboring cells; unload while requests/callbacks are outstanding,"Live cell/reference graphs, attachment state, streaming request lifetimes and LOD links",Prepare detached cell content off-thread; attach/detach through explicit scene/world ownership barriers
W02,World,"Terrain, vegetation, water and world geometry",Translate generation/loading/query behavior and renderer/physics integration,W01; C03; P02; S07,Terrain/grass/water/collision SDK families; unvalidated,"One terrain tile including collision, vegetation/LOD and water transitions with resource lifetime checks","Terrain meshes, grass instances, water state, collision attachment and cache invalidation",Tile preparation is a candidate after immutable inputs and deterministic attachment are defined
W03,World,"Weather, climate, lighting and world time",Translate update rules and their simulation/presentation dependencies,W01; F06; P02; P05,Weather/climate SDK families; unvalidated,Advance controlled world time through weather transitions and compare dependent light/audio/event state,"Shared world clock, climate state, lighting parameters and event order",Calculate from a stable frame snapshot; commit a consistent environment state
S01,Simulation,"Actors, values, movement and process state",Translate actor state and update behavior,F07; W01; S06; S07,Actor-value lookup/clamp slices only; no integrated actor simulation,One actor creation/update/movement/damage/death/destruction path with callbacks and stable identity,"Actor process state, movement, values, active effects and cross-actor references",Partition only after cross-actor effects and movement/physics publication are explicit
S02,Simulation,"AI, perception, packages and navigation",Translate decision-making and navigation behaviors,S01; W01; S07; F06,AI/package/navmesh SDK surfaces; unvalidated,One deterministic perception/path/decision/action sequence with changing obstacles and actor interactions,"Perception caches, actor package stacks, navmesh queries and action side effects",Read-only query/decision work may use snapshots; ordered world mutations need explicit commit semantics
S03,Simulation,"Combat, magic, perks, effects and projectiles",Translate gameplay rules and observable ordering,S01; S02; S07; S08; S09,Effect/casting/gameplay SDK labels; unvalidated,"One attack/spell through hit detection, modifiers, effects, events and cleanup; compare event order and RNG use","Targets, health/effects, projectile ownership, event queues and random streams",Parallel queries/calculation require stable snapshots; damage/effect commits must preserve defined ordering
S04,Simulation,"Inventory, equipment, crafting, economy and progression",Translate state changes and presentation/script/save connections,S01; C02; S08; S09; P04,Inventory/equipment/crafting SDK surface; unvalidated,"Acquire/equip/use/remove an item with effects, UI updates, script events and persistence","Container entries, stacks, equipment graphs, currency, progression and notifications",Keep multi-object transactions coherent; do not split ownership-dependent mutations arbitrarily
S05,Simulation,"Quests, dialogue, scenes, factions and crime",Translate state machines and condition/event evaluation,S01; S08; S09; C02; P04; P05,Quest/dialogue/faction SDK families; unvalidated,"One quest/dialogue transition with conditions, aliases, scene actions, faction/crime effects and reload","Quest stages, alias bindings, dialogue state and ordered cross-system effects",Evaluate pure conditions on snapshots; transitions and their side effects require ordered publication
S06,Simulation,"Animation, behavior graphs, skeletons and skinning",Translate embedded behavior/runtime and loading; preserve existing animation content,C03; P01; F06; F07,Animation/behavior/Havok SDK types; unvalidated,"Load one skeleton/graph, advance animation, emit events, apply root motion and release resources","Graph instances, pose buffers, root motion, event ordering and actor/physics coupling",Per-instance pose evaluation is a candidate with immutable inputs and separate output buffers
S07,Simulation,"Physics, collision, ragdolls and character controllers",Translate embedded physics code or explicitly replace its behavior boundary,F04; F06; F07; C03,Havok RTTI/type surfaces observed; no physics equivalence,"Construct/step/query/destroy a small world; contacts, raycasts, activation, characters and animation coupling","Physics world locks, bodies, islands, contact callbacks and deferred mutations",Recover existing engine/middleware threading rules first; behavioral replacement has its own equivalence burden
S08,Simulation,"Papyrus VM, bytecode and native bindings",Translate VM/runtime and native functions; execute existing PEX content,F03; F04; F06; F07; C02; S09,BSScript/SkyrimVM SDK families; no VM execution proof,"Execute a script with native calls, latent suspension/resume, events, handles, collection and save/load","VM stacks, handles, object bindings, scheduler queues and native call thread affinity",VM internals may be concurrent already; native game mutations need explicit affinity and ordering contracts
S09,Simulation,"Events, callbacks, conditions and console commands",Translate dispatch/registration and observable ordering,F06; F07,One callback bridge and ordered lookup trace; no general event system proof,"Register/dispatch/unregister with reentrancy, receiver destruction, deferred work and shutdown","Subscriber lists, callback captures, deferred queues and reentrant mutation",Use ordered messages where justified; never move callbacks without auditing their state and thread assumptions
P01,Presentation,"Scene graph, transforms, cameras and visibility bounds",Translate graph operations and camera math,F05; F07; C03,Projection and frustum/cache slices pass; scene graph/lifetimes remain untested,Construct/update/clone/cull/detach/destroy one real scene graph and observe dependent caches,"Parent-child links, transforms, dirty flags, camera/frame cache and node lifetime",Stable graph snapshots or ownership partitions before parallel transform/culling work
P02,Presentation,"Renderer preparation, materials and draw ordering",Translate renderer CPU behavior; change scheduling only after visual equivalence,P01; C03; W03; F06; P03,D3D11/DXGI imports and renderer SDK families; no frame rendered,"One repeatable rendered frame with materials, shadows, visibility, transparency and resource updates","Material caches, render lists, scene snapshots, pass dependencies and GPU resource lifetime","Partition independent preparation; preserve transparent ordering, pass dependencies and publication boundaries"
P03,Presentation,"GPU resources, shaders, command submission and presentation",Bridge D3D11/DXGI initially; preserve shader behavior or explicitly port/rewrite it,X01; C03; F04,D3D11/DXGI/D3DX imports; shader-cache directory; no GPU validation,Inventory shader variants and resource formats; create/upload/draw/present/resize/device-recover with visual comparisons,"Device contexts, command lists, textures/buffers, fences and swap-chain ownership","One context at a time per D3D11 context; independently owned deferred contexts are a design candidate, not a proven speedup"
P04,Presentation,"UI, Scaleform/ActionScript, menus, text and localization",Translate embedded UI integration/runtime or provide an explicit compatible replacement; preserve UI assets,C03; S09; P03; P06,GFx/Scaleform SDK families; unvalidated,"Load one menu/movie, display localized text, deliver input/native callbacks, close and recreate it","Movie/menu state, font caches, UI callbacks and game-state bindings",Respect UI ownership; off-thread preparation must not mutate live movie/game state unexpectedly
P05,Presentation,"Audio, music, dialogue, spatial sound and lip sync",Translate audio scheduling/integration; bridge native audio backend or explicitly replace it,C03; S09; W03; X01,X3DAudio imports and audio SDK families; backend dynamic/COM paths not fully resolved,"Decode/play/position/stop one sound; dialogue/music transitions, callbacks, device loss and resource release","Audio voices, mix/control queues, callback affinity and shared timing",Owned audio-thread command handoff; independent decode is a candidate after lifetime/cancellation proof
P06,Presentation,"Input, window events, controls and camera interaction",Translate mapping/game control behavior; bridge Windows/HID/controller APIs,X01; F06; S09,USER32/DINPUT/XINPUT/HID imports; no input workflow,"Capture/replay ordered input through focus, menus, rebinding, game controls and disconnect/reconnect","Window/input thread, ordered device events, mappings and frame sampling",Capture input centrally and publish immutable input frames; preserve observable event order
P07,Presentation,Video playback and movie integration,Translate engine integration; retain supplied Bink backend or explicitly replace playback behavior,C01; P03; P05; P06,Nine Bink imports and installed Bink DLL; unvalidated,"Open/play/skip/close a movie with synchronized audio, input and teardown","Decoder buffers, audio/video clocks and presentation ownership",Backend-supported decode queues only; synchronization/lifetime must remain explicit
D01,Persistence,"Save/load, serialization and versioned state",Translate serialization and restore semantics; preserve existing save contracts deliberately,F07; C02; W01; S01; S08; S09,Save/load SDK wrappers call original engine functions; no save proof,Round-trip a minimal state including handles/scripts/references; load original saves; interrupted writes and missing/modded content,"Consistent world/VM snapshot, reference fixups, background writes and load barriers",Capture a coherent owned snapshot before background serialization; define quiescence and resume explicitly
X01,Platform,"OS APIs, runtime imports and dynamic libraries",Explicit native bridges or replacements; do not translate the OS/drivers themselves,F01; F03,Complete pinned static import table; one actual CRT bridge and selected OS synchronization calls exercised,"Disposition every import, dynamic LoadLibrary/GetProcAddress target, COM interface, callback ABI and failure behavior","OS handles, callbacks, COM apartment/thread affinity and native resource teardown",Respect each API's threading contract; bridge boundaries do not automatically make calls thread-safe
X02,Platform,"Steam, achievements, Creations and online services",Translate engine integration; retain explicit platform interfaces or document feature replacements,X01; C01; P04; S09,Steam/WinHTTP/WS2/crypto imports; service paths not exercised,Map startup/offline/failure/callback behavior and feature-specific state; no silent successful stubs,"Platform callbacks, request state, service caches and shutdown order",Async service requests with explicit completion/callback ownership; offline policy must be a deliberate product decision
M01,Compatibility,"Data, script, asset and UI mods",Preserve loader/format/native-script contracts; test existing mod content explicitly,C01; C02; C03; S08; P04; D01,Two historical MO2 instance inventories; no mod compatibility execution,"Curated data/script/asset/UI cases with override priority, native-function bindings and save round trips","Load-order state, VM/UI extension hooks and content cache invalidation",Changes must preserve callback/event ordering relied on by content and scripts
M02,Compatibility,"SKSE, native DLL plugins, hooks and binary patches",Translate/port selected extension behavior or preserve a deliberately supported ABI/hook boundary,F01; F03; F07; S08; S09; D01,Native-plugin sample inventories; no plugin DLL loaded; older/current runtime versions differ,"Per-plugin inventory of patches, overwritten behavior, addresses/layouts, trampoline calls, APIs, thread assumptions and co-saves","Untracked raw pointers, direct memory writes, arbitrary detours and callbacks into engine state",Arbitrary old binary patch compatibility may constrain layout/scheduling changes; source-port or narrowed stable APIs need explicit support policy
M03,Compatibility,"Renderer injectors, shader extensions and engine-fix behavior",Catalogue each extension/fix; retain compatible hooks or implement its intended behavior explicitly,M02; P02; P03; X01,EngineFixes/DisplayTweaks/CommunityShaders and other sampled plugin metadata; no behavior absorbed,Separate bug fix from workaround; map intercepted renderer/runtime paths and validate visual/behavior/performance regressions,"Renderer hooks, resource interception, timing changes and extension-owned state",Audit hook affinity and reentrancy before concurrent rendering/resource work; API interception can impose serialization
T01,Tooling,"Creation Kit, launchers, compilers and developer tools",Keep external tools initially; map their output/runtime contracts rather than blindly translating every installed executable,C02; C03; S08; D01,Creation Kit/launcher/Papyrus compiler installed; not surveyed as engine runtime dependencies,Confirm required generated content and workflow compatibility; classify any newly discovered runtime-linked dependency,"Tool outputs, versioned formats and build provenance",External authoring/build parallelism is separate from live-engine scheduling
T02,Tooling,"QA, diagnostics, builds and reproducibility",Authored verification tooling; no game behavior translation,F01,"Native differential gates, negative controls, source/input/artifact hashes and clean public reproduction pass","Expand to connected subsystem traces, long-run lifetime checks, save/visual/audio compatibility and performance profiles","Repeatable fixtures, oracle separation, test-state isolation and evidence provenance",Race-sensitive tests need controlled schedules plus adversarial stress; exact and modified-behavior oracles remain separate
U00,Unknown,Unassigned code/data and dynamically discovered behavior,Explicit investigation queue; never treat unknown or unexecuted behavior as unnecessary,,All discovered functions/ranges are indexed; most ownership/signatures and indirect transfers remain unverified,"Resolve function owners, signatures, all executable gaps, virtual/callback targets, dynamic loading, data references and trigger coverage","Unknown global reads/writes, pointer escapes, ordering and callbacks",No concurrency admission until transitive effects and ownership are established
